{
  "transformer": {
    "train_rmse": 0.0019015891863125253,
    "val_rmse": 0.0016119345496564024,
    "val_r2": 0.0022168201199126436,
    "val_mae": 0.0010282423351688113
  }
}